{"noiseKey":{"private":{"type":"Buffer","data":"aGtSG/0GCtTQyYRAjmqqM5w35NAUavactTbUR+6hY3A="},"public":{"type":"Buffer","data":"Sc5wCP2DqfNwKVTR1UtmhKgdo6sZuifsKVGlSX1J/S8="}},"pairingEphemeralKeyPair":{"private":{"type":"Buffer","data":"YAWVwqns9MA7xaNY3zp+fSNsS67DSddmmKK8ozl+ZnQ="},"public":{"type":"Buffer","data":"XPqTO58wes3JRnNn7ZOTAFkG04AOso8JfSPaJcNAG2E="}},"signedIdentityKey":{"private":{"type":"Buffer","data":"cE4Oh5dT/XFat4Fe4vRNGFGXujnDhNL/DUpinCcmxHw="},"public":{"type":"Buffer","data":"IaIAC6rtWLwUMFRo1PlneaQIHWGQOQCQQ4FZA4xXbXI="}},"signedPreKey":{"keyPair":{"private":{"type":"Buffer","data":"4JnyP3TXCJt7UZwqKS3o65Ts6xNZZgVuaEXNsWseWF0="},"public":{"type":"Buffer","data":"2NTs/gNYmFcrVvbP/O7VT4TdxsauCB4RX9PvSQOygXY="}},"signature":{"type":"Buffer","data":"8GqkBTlEVzfnBY6RoIp3C3M9Ws38H9kaFZ+wNxPJgtgKfnVulFfcQzZagn4ZYuXaNg5+tKu/X562iu/TO+9QgQ=="},"keyId":1},"registrationId":3,"advSecretKey":"ywoIoSzhvXWlsVieiH2poM9JGLbAZRlzqSpZqcwaURw=","processedHistoryMessages":[{"key":{"remoteJid":"923276232206@s.whatsapp.net","fromMe":true,"id":"5B99A1EB270453F5EF0C0ECF0473E45D"},"messageTimestamp":1754162376}],"nextPreKeyId":31,"firstUnuploadedPreKeyId":31,"accountSyncCounter":1,"accountSettings":{"unarchiveChats":false},"deviceId":"H9ZQU5RuRAepr_EGL0Yl8A","phoneId":"5127cac8-80ae-403a-9411-de76795315d2","identityId":{"type":"Buffer","data":"uRugvU4q2gFhOD1j7FbdDAWHLrY="},"registered":true,"backupToken":{"type":"Buffer","data":"C5MjOOg9NbQxiQWK6zPLDVlzU1Q="},"registration":{},"pairingCode":"DRAY1922","me":{"id":"923276232206:2@s.whatsapp.net","lid":"196345067479107:2@lid","name":"Rana-Awais"},"account":{"details":"CInUko0BEMLJucQGGAIgACgA","accountSignatureKey":"0oJP6mRILzbvJIyEZMpwElOoxeOg8TSJu6SxhLC8TQM=","accountSignature":"jXiWX6OvBZ118KwrVfePD7Z2o0VNC9Oaxc5pfzBrDM5Lry0ajlprCBdOyoIOZuJkD5NfxW9kan49LUlcH7gkCg==","deviceSignature":"q/gIEgEH/yQhwqcwSRfxi/ejNUtIwivg0yoIu77JxCQQlQ7pm9KbixOeYFnc+vFAc9pYzzJNvoIOL+XGaExmiQ=="},"signalIdentities":[{"identifier":{"name":"923276232206:2@s.whatsapp.net","deviceId":0},"identifierKey":{"type":"Buffer","data":"BdKCT+pkSC827ySMhGTKcBJTqMXjoPE0ibuksYSwvE0D"}}],"platform":"android","routingInfo":{"type":"Buffer","data":"CA0IBQ=="},"lastAccountSyncTimestamp":1754162373,"myAppStateKeyId":"AAAAAAAt"}